id,email,department,job_title,region
+2fLKTGEQ4eNyUAIeruF4Q==,user_0373@contosoltd.com,Cloud Infrastructure,Senior Data Engineer,EMEA-North
+7s/FQjKQGKkdgFleTx/CQ==,user_0126@globexcorp.com,Business Intelligence,Data Analyst,US-West
+Qgo5YxJRoqVOHSNFRLLpg==,user_0239@northwindtraders.com,Product,Senior Data Scientist,APAC-South
+iyYvuxPTwilhwGzZL8UWQ==,user_0440@massivetech.com,Cloud Infrastructure,Software Engineer,EMEA-Central
+ktCnH/MTIuHoNkTW9RM8Q==,user_0366@fabrikam.io,Security,MLOps Engineer,US-East
+mIYQMbWQjipb0P7778/QQ==,user_0349@aperturelabs.com,Analytics,Software Engineer,EMEA-North
+q6oKbz5Tteg2ZnhcwBGPA==,user_0133@cyberdynesys.com,Data Science,Cloud Engineer,LATAM
+vnj6eUbRXil6g+A5UQ2Aw==,user_0600@widgetworks.com,IT Operations,Data Scientist,APAC-South
/+qqU4HcR7qBVMPXAVe3Vg==,user_0190@initech.io,Research,Software Engineer,US-West
/EgF0Vw3Q3Sszq0iuOoSMQ==,user_0576@fabrikam.io,Security,Senior Data Engineer,EMEA-West
/EpZXo4+QaC8wtw3p1rNBQ==,user_0509@oscorptech.com,Product,Data Architect,APAC-South
/JGBsdaQQVmJXgVPdN3hvw==,user_0215@starkindustries.com,Cloud Infrastructure,Technical Lead,APAC-South
/K1FgEV7RuSZc6DeuJm37Q==,user_0289@umbrellainc.com,DevOps,Solutions Architect,LATAM
/aj1EuFJQOGqQEhJs4O4Xg==,user_0521@fabrikam.io,DevOps,ML Engineer,US-Central
0/S6d8fhSpK+JM5lyuufLA==,user_0151@globexcorp.com,Cloud Infrastructure,Data Analyst,US-West
023EspRuTb+4d6Dn7Vr8EQ==,user_0361@fabrikam.io,DevOps,Platform Engineer,EMEA-Central
03PA//HsRu+/HwQC6ES8IQ==,user_0290@massivetech.com,Data Engineering,Cloud Engineer,EMEA-Central
058zmtioQjKUGO3cJJqpjA==,user_0506@wayneenterprises.net,DevOps,Data Analyst,US-East
0P6vuEWfT2GVcM8SzHvGSg==,user_0541@starkindustries.com,Analytics,BI Developer,APAC-East
0sKDhQBfSha1oYUDKMKY6A==,user_0446@umbrellainc.com,Platform Engineering,Senior Data Analyst,APAC-South
0wNE7AQaQayG74ehTxUYxQ==,user_0459@fabrikam.io,DevOps,Data Architect,EMEA-North
1+aRTMH3QWajVYEXzL45jg==,user_0401@massivetech.com,Machine Learning,Data Engineer,EMEA-North
15/VZVIkT4eGrrhif/NC8g==,user_0507@umbrellainc.com,Machine Learning,Data Engineer,APAC-South
18CEAOUpTXanej7wnXH85A==,user_0588@contosoltd.com,Product,MLOps Engineer,LATAM
1UoIKCaDSU6u14RfqLaErA==,user_0524@lexcorp.io,Data Engineering,Data Architect,EMEA-West
1vWPC97ZSFONpVoVKaYGmg==,user_0115@contosoltd.com,Security,Cloud Engineer,APAC-South
1wOzomv6R3+hHEZrwIRlLA==,user_0086@aperturelabs.com,Analytics,Senior Data Analyst,US-Central
1yWJ3gNMRi21OFO2HKELjw==,user_0169@starkindustries.com,IT Operations,Staff Data Engineer,EMEA-North
227HD3hGRMiH5zd2hQFTSA==,user_0276@cyberdynesys.com,Business Intelligence,Data Scientist,APAC-South
27cRuazSSpaJo+edp96SVA==,user_0132@fabrikam.io,Data Science,Platform Engineer,EMEA-West
2FnIrw3qS02kb29ineD0AA==,user_0278@massivetech.com,Data Science,Data Analyst,APAC-South
2GBduoihQSGcbvJIXLEFoA==,user_0483@widgetworks.com,Platform Engineering,BI Developer,US-East
2IPx4d/GTg6GJy3RQiqJTg==,user_0339@soylentgreen.co,Data Engineering,Data Analyst,APAC-East
2RFBap2zTzKHGYx5ZqN1pw==,user_0431@contosoltd.com,Security,ML Engineer,LATAM
2RXNK29xRB6xax2obKNwuw==,user_0201@fabrikam.io,Data Engineering,Data Analyst,EMEA-Central
2YYGR7q9SKW9QXuAmJTy6w==,user_0385@globexcorp.com,DevOps,Cloud Engineer,US-Central
2Ze3kADXRUmf4zgshkP/PQ==,user_0225@soylentgreen.co,Business Intelligence,Data Engineer,LATAM
2huWAnDnTOOOJPjTQDZOBw==,user_0155@fabrikam.io,Research,Senior Data Analyst,US-West
2k1W82rZR9u6iUyWBGVYlg==,user_0198@initech.io,Analytics,Data Engineer,APAC-East
2lHCTuxwSPyTfpE841B4qQ==,user_0223@wayneenterprises.net,Platform Engineering,Software Engineer,APAC-South
2lgBvHHRTZ+ImE0wx9gh8g==,user_0123@widgetworks.com,Product,Data Analyst,US-Central
2nRQClfXR5u1SoPZ5kxipA==,user_0046@initech.io,Cloud Infrastructure,Data Engineer,LATAM
2rEWQvDmQkGA68izEQp3vg==,user_0244@aperturelabs.com,Security,Engineering Manager,US-West
3DdLME7OTa+6aUimCgzd5A==,user_0302@fabrikam.io,Cloud Infrastructure,Data Architect,US-West
3JllCj9tRmCzcWvz3Ur3Yg==,user_0552@initech.io,Analytics,Software Engineer,US-Central
3MfWaMbBS06IamIacbzKXA==,user_0375@northwindtraders.com,Platform Engineering,Senior Data Analyst,US-Central
3R08pWqfTF2qh5yBh61ANg==,user_0399@acmedata.com,Product,Senior Data Engineer,APAC-East
3bsI7qNnSCG8NUXU/BZOSA==,user_0193@contosoltd.com,Security,Data Analyst,LATAM
3f4aWZLgQC6nEugS9vnzUw==,user_0397@fabrikam.io,Research,Senior Data Scientist,US-West
3rSC+4S3SUu8yHu4Fy7K7A==,user_0095@starkindustries.com,Research,Cloud Engineer,APAC-East
3vez1jKhQW6r7gGgDWIntQ==,user_0492@northwindtraders.com,Business Intelligence,Software Engineer,LATAM
48kjI9l0TsOuFnS53KWHcA==,user_0110@soylentgreen.co,Business Intelligence,Platform Engineer,APAC-East
49uhac6pQ9i6YFkyTNTUhw==,user_0247@globexcorp.com,Security,Software Engineer,US-West
4D6x1RRESau+r1FLF7sItg==,user_0529@oscorptech.com,Platform Engineering,Engineering Manager,US-East
4GllITaaRcOPaT+u70BjOw==,user_0137@fabrikam.io,Product,Senior Data Engineer,EMEA-West
4HjTgbjlT8qUxar0XNF2Gw==,user_0134@initech.io,Analytics,Senior Data Scientist,EMEA-West
4M9A1X1nTdacmqCsr0Z5iQ==,user_0071@initech.io,Product,Data Architect,EMEA-North
4MXfPRJ9SpGWWPUNmfL0Jw==,user_0146@contosoltd.com,Analytics,Software Engineer,US-Central
4RFT8wY2QnKdQb3qSixQJw==,user_0462@wayneenterprises.net,Platform Engineering,ML Engineer,US-Central
4VmCbysISFu4IcWZavHE8g==,user_0460@wayneenterprises.net,Business Intelligence,ML Engineer,US-Central
4XTy5d3wROO7I/cSCozlHQ==,user_0124@acmedata.com,Data Science,Technical Lead,EMEA-West
4YjpFVqMS2O2fpXGGlR8kA==,user_0037@acmedata.com,Data Science,Engineering Manager,APAC-South
4Z0C02JRTreB7pwx0dYzug==,user_0208@fabrikam.io,Product,Senior Data Engineer,APAC-East
4oWUC/F9RuyQc1mFIWaF/A==,user_0321@soylentgreen.co,Security,Platform Engineer,LATAM
4osCpccSRvG1VDgp31cuhw==,user_0028@widgetworks.com,Data Science,Senior Data Engineer,US-West
4pS7DGEHQ8eamGKeVrWjlA==,user_0264@northwindtraders.com,Platform Engineering,Data Engineer,US-East
5CnvcVvCSn6cDs7y9ymKGA==,user_0268@soylentgreen.co,Research,ML Engineer,EMEA-North
5FYnaU6ZTsOyBy2GN+NG5A==,user_0421@starkindustries.com,Analytics,Staff Data Engineer,APAC-South
5Gjh+N8bQV6McgWKjWgt2Q==,user_0117@widgetworks.com,Research,ML Engineer,US-West
5Ksf4Dz3SpGIrVE1Ak63wg==,user_0100@northwindtraders.com,Cloud Infrastructure,Senior Data Analyst,US-West
5NGkWH/gRruE1Fu97U79Aw==,user_0452@massivetech.com,Business Intelligence,Data Analyst,US-West
5O0XhQ8FQO+XMWKeocnJlg==,user_0489@northwindtraders.com,Cloud Infrastructure,Senior Data Engineer,APAC-East
5PBXSV80T9eO0zhuP9Waag==,user_0087@fabrikam.io,Research,Data Engineer,LATAM
5a6kPl13S8CJpY9ul55Ehg==,user_0107@globexcorp.com,Research,Technical Lead,US-East
5f9NGBVLTQeLAHO5HvSX5w==,user_0024@fabrikam.io,Analytics,Senior Data Analyst,US-Central
5fyEwZ0mR+mnX1pdZfiQlA==,user_0467@starkindustries.com,DevOps,Cloud Engineer,US-East
5gLe9J4lSNOmaYOcTJpagg==,user_0305@widgetworks.com,Product,Technical Lead,US-West
5hUSSeAKRzqCJJp3hRInGQ==,user_0357@starkindustries.com,Security,Senior Data Scientist,US-West
5l5RK5ybSmKkOiItA1q1yw==,user_0324@umbrellainc.com,Cloud Infrastructure,MLOps Engineer,EMEA-North
5v73WMaERcepmRjXEFT+Fg==,user_0243@wayneenterprises.net,Data Science,BI Developer,APAC-East
5xNI99o4Qm6Mj5xnzzI43w==,user_0563@initech.io,Research,Senior Data Engineer,US-West
6+eDY3AgSmKoQIVFJroIPQ==,user_0070@northwindtraders.com,Data Science,Data Analyst,US-East
6+hoHpnKSCqq7QLbjTINxQ==,user_0318@globexcorp.com,Security,MLOps Engineer,LATAM
6L77aWIORF+lIulhmePhPA==,user_0066@globexcorp.com,Security,MLOps Engineer,US-East
6MR46ERGTqqd6r0KlrBlnA==,user_0475@aperturelabs.com,Cloud Infrastructure,Software Engineer,EMEA-North
6Q4lQa4sT5euGWekm6q2/w==,user_0069@starkindustries.com,Data Science,Staff Data Engineer,APAC-South
6W1xGqyaTrCP1thXpYZQvQ==,user_0051@wayneenterprises.net,Research,BI Developer,EMEA-West
6Z56HSCSRw6llZElKpMLFw==,user_0585@wayneenterprises.net,Platform Engineering,Engineering Manager,US-Central
6pX/i3CDR1igYGm8XgGqWQ==,user_0083@aperturelabs.com,Machine Learning,Senior Data Analyst,LATAM
6uO7TRZiSc6IA2up6coUSA==,user_0544@soylentgreen.co,Security,Data Engineer,EMEA-Central
6v+1I2nAQdqh4jOb1UcjZw==,user_0463@aperturelabs.com,Research,Data Analyst,EMEA-North
6w2XJhk7SUGGuI9YjugG8A==,user_0039@lexcorp.io,Data Engineering,Data Analyst,US-West
6wLSzRKwSTS/QfMCnQJ7Pg==,user_0502@acmedata.com,Cloud Infrastructure,Cloud Engineer,US-West
6wbcFTeiSAqb/wyxBbrGRA==,user_0206@umbrellainc.com,IT Operations,Platform Engineer,APAC-East
6xgcY6qYR3yjuaq728uUaA==,user_0004@acmedata.com,Data Science,Analytics Engineer,EMEA-West
6yNGEdHKSwKz5KYoDA6kHA==,user_0442@massivetech.com,IT Operations,Staff Data Engineer,US-Central
71uXp+7pRm2ALUzN7X4ltg==,user_0090@contosoltd.com,Analytics,Senior Data Engineer,EMEA-Central
7Hq5xgnUSsGM0AwhBiz/ng==,user_0078@soylentgreen.co,Analytics,Software Engineer,LATAM
7IwY0oQ+Tcum5KEjXenjOA==,user_0443@massivetech.com,Product,Cloud Engineer,EMEA-Central
7JWeUybuTtqexwmnyFd8ow==,user_0368@widgetworks.com,Business Intelligence,Senior Data Scientist,US-East
7PfnnYSTQMe4BPgrNyJslw==,user_0111@aperturelabs.com,Product,Platform Engineer,LATAM
7e2eokWXQaiumVOgewEQ7w==,user_0596@widgetworks.com,Machine Learning,Analytics Engineer,APAC-East
7sJdUq+4TFKtiKRxbPDn/g==,user_0054@contosoltd.com,Cloud Infrastructure,MLOps Engineer,US-East
8/hBGXLMRI6fmo0eMxnJtg==,user_0435@fabrikam.io,Cloud Infrastructure,Software Engineer,US-East
847QUwQiRry+z4oEcm4B7A==,user_0254@starkindustries.com,Analytics,Staff Data Engineer,APAC-East
87iLg0u6QZWCwaUAi+EsPw==,user_0316@initech.io,Data Science,Staff Data Engineer,US-West
8UDbrchDTkanOCkwqxQvSg==,user_0174@fabrikam.io,Data Engineering,Staff Data Engineer,EMEA-Central
8d4uwPmvQuaSutBxUJY6xg==,user_0340@globexcorp.com,Data Engineering,Analytics Engineer,EMEA-Central
8dc35BYZQeG+zV/spx2oEg==,user_0310@fabrikam.io,Business Intelligence,Technical Lead,US-West
8gtoW61VRK2cH6SxOxA9Ow==,user_0575@oscorptech.com,Data Science,Data Scientist,APAC-East
8lZ/RhFIQpC7Db9hCD5CWQ==,user_0255@lexcorp.io,IT Operations,Senior Data Scientist,EMEA-West
8tu41uZFSEymIpkljVbf9A==,user_0395@umbrellainc.com,Cloud Infrastructure,Data Architect,US-West
90lGjVYiRLm49wP1pZrkOQ==,user_0113@starkindustries.com,Security,Platform Engineer,APAC-East
90yrumLgTvKDOO20gUZZvA==,user_0332@starkindustries.com,Cloud Infrastructure,Platform Engineer,EMEA-North
93bSzC8hRqy3MRXAXkvrOA==,user_0327@starkindustries.com,Platform Engineering,Platform Engineer,EMEA-North
976up+bJTLSJL8Poy66shQ==,user_0547@northwindtraders.com,DevOps,Data Architect,EMEA-Central
99oHTTgSSrO0avCLcvHiEA==,user_0257@cyberdynesys.com,DevOps,Data Engineer,APAC-South
9EKq5dR3SC+QrN+jOa8NcQ==,user_0317@contosoltd.com,Data Science,Solutions Architect,US-Central
9F6uF4lnSSunUwSQLOsyWQ==,user_0505@widgetworks.com,Analytics,Data Architect,APAC-East
9bck6LoLQGyKvcVOvRJIyw==,user_0096@lexcorp.io,Platform Engineering,ML Engineer,US-West
9om01YyQT36uz+56aX3ioA==,user_0214@contosoltd.com,Security,ML Engineer,US-West
ACeq2vqzRH2JSjsYHDdtJg==,user_0371@fabrikam.io,Business Intelligence,Platform Engineer,APAC-East
ADNwpvixR6mPAzU/fDjVUA==,user_0053@umbrellainc.com,DevOps,Technical Lead,EMEA-North
AFdKyqIXRV+0fR9Sfvh0fg==,user_0081@cyberdynesys.com,Data Science,Data Scientist,LATAM
AOIuQfj5Sv2ovMlm3s6+ZQ==,user_0068@starkindustries.com,Data Engineering,Data Architect,US-West
Aa8tNA82QPGnuUdgzUyw8w==,user_0498@fabrikam.io,Analytics,Data Architect,US-Central
AaO08ktWTuS+2vWf4i0n1Q==,user_0177@massivetech.com,Product,MLOps Engineer,EMEA-North
An/Uab1XQ12j8fFKFN9G0g==,user_0034@acmedata.com,Research,Senior Data Analyst,LATAM
AoyIATq0TZySR/wOYK2ztQ==,user_0252@massivetech.com,Cloud Infrastructure,Technical Lead,US-Central
AqO+WLFhTBOqH1Ptbi1KoQ==,user_0536@cyberdynesys.com,Machine Learning,Data Scientist,EMEA-North
B2vtI3rxRZmSe+CfMpgX2g==,user_0019@fabrikam.io,Product,Senior Data Analyst,LATAM
B972vYPAQcaYnKCwySQnJg==,user_0212@fabrikam.io,Platform Engineering,BI Developer,US-Central
BCME+lscT6miPnLbxgVqTA==,user_0286@umbrellainc.com,IT Operations,Technical Lead,EMEA-Central
BI3sXnt0RO+N6GxamiWTAw==,user_0343@contosoltd.com,Analytics,Analytics Engineer,APAC-East
BZ1tWidDTyuaS3uFKoMQvA==,user_0091@massivetech.com,Data Engineering,Solutions Architect,EMEA-West
BaIsDKyqRa6yh9Wit1dRfg==,user_0161@massivetech.com,Data Science,Data Architect,EMEA-North
BhnXqIyeTxiJ7FQhPnwT+A==,user_0389@soylentgreen.co,Research,Data Analyst,EMEA-Central
Blm2Z3PGRUuiTYn2OKNA3A==,user_0584@aperturelabs.com,Research,Technical Lead,APAC-East
C8wd6cEaQ7+9gitAS05s6A==,user_0210@initech.io,Machine Learning,Data Engineer,EMEA-Central
CG+38a+rQ8uyV7UEjG35IQ==,user_0515@soylentgreen.co,Machine Learning,Platform Engineer,EMEA-Central
CbUhyoPtS/6MC3YFaxSHiA==,user_0345@initech.io,Product,Senior Data Engineer,APAC-East
CdUBTX/yQ+ubirj5CDlfnQ==,user_0508@aperturelabs.com,Product,Senior Data Scientist,APAC-East
CeqJXCLpQkmCtQnKv5zhLQ==,user_0441@wayneenterprises.net,IT Operations,Software Engineer,EMEA-North
Cf4ub168TL+/h/oU1jML2A==,user_0082@wayneenterprises.net,Platform Engineering,Platform Engineer,EMEA-West
CiUGGkDKR3+ghdcCrLjsQA==,user_0003@initech.io,Security,Technical Lead,US-East
CulbrWEPSJ6UhOwQ/qWk0Q==,user_0473@starkindustries.com,IT Operations,Technical Lead,APAC-South
DB+7G1dMRbG9i7OnF1In1g==,user_0558@fabrikam.io,Analytics,Data Architect,APAC-East
DFtaFWWcQs2+06u9URFUHQ==,user_0336@fabrikam.io,Product,Senior Data Analyst,EMEA-West
DLKKZikDTZ+gJ3fmhbOFxQ==,user_0391@massivetech.com,DevOps,Software Engineer,APAC-South
DSucqznKS1qqVN7qTXcfLw==,user_0256@fabrikam.io,Business Intelligence,Cloud Engineer,APAC-South
DV7aLGZYS32xRx9eRvPa3Q==,user_0245@aperturelabs.com,DevOps,MLOps Engineer,APAC-East
Dr6pEv6TTp+rsXIVYsDLWw==,user_0360@wayneenterprises.net,IT Operations,Staff Data Engineer,APAC-South
DuejdiccQkiHZiZ1cap/vg==,user_0346@acmedata.com,IT Operations,Staff Data Engineer,EMEA-North
Dx++FoRVTDy4BkEuydq+tQ==,user_0048@initech.io,Research,Senior Data Engineer,EMEA-West
E1J6TD7pT366Es2ZSFYipA==,user_0598@northwindtraders.com,IT Operations,MLOps Engineer,EMEA-North
E6ffME6CR4qQxEE5+AU51w==,user_0002@lexcorp.io,Analytics,Data Scientist,LATAM
EAn5LUzWSluwz0P2/bhbYw==,user_0490@globexcorp.com,Security,MLOps Engineer,EMEA-West
Ebd1dmz5R0C+OqAERYsidQ==,user_0586@widgetworks.com,Machine Learning,Data Analyst,EMEA-Central
Ec+7GOOjQcSrWJ/26HjLZQ==,user_0233@soylentgreen.co,Research,Platform Engineer,APAC-South
EhDAqMjHRHKw9QAUCcsLgw==,user_0109@aperturelabs.com,Security,Cloud Engineer,US-West
Em6OnMOOTSK0Lyc2Jdw8kQ==,user_0342@aperturelabs.com,DevOps,Data Engineer,APAC-South
Ew14B9oTTCKXdHg9+bu/Rg==,user_0476@northwindtraders.com,Analytics,Solutions Architect,LATAM
EwfOCjRfS1WBDhSBFy2PDg==,user_0067@aperturelabs.com,Data Engineering,Staff Data Engineer,US-East
F/hCBavQTEeUrjUchYOKNw==,user_0005@acmedata.com,Business Intelligence,Analytics Engineer,LATAM
F6QanZDTTx2Umiae35QymQ==,user_0568@massivetech.com,Data Engineering,Engineering Manager,LATAM
FBJmrnQVSXCap+jFsqTrcA==,user_0277@massivetech.com,DevOps,Senior Data Analyst,APAC-East
FCxlhlKDQ9aA4R5aQ/tLwg==,user_0036@oscorptech.com,Analytics,Solutions Architect,US-Central
FFVIJtwMRs63+yq2eVSLpg==,user_0430@cyberdynesys.com,Data Science,Technical Lead,US-West
FSVDLXEfQFydkZj8cp/Wog==,user_0314@umbrellainc.com,Research,Technical Lead,US-Central
FbWaaQKJSuWz0H/Ai4kvyw==,user_0526@aperturelabs.com,Research,BI Developer,US-West
Fm5aOjI5QP+JelYYj2Z77w==,user_0097@northwindtraders.com,Data Engineering,Solutions Architect,US-Central
Fws2ihrtQ7Ce5RZ+RMrmuQ==,user_0138@contosoltd.com,Cloud Infrastructure,Data Engineer,APAC-East
FzM15zaxT+WbYmW0hVIa4A==,user_0432@soylentgreen.co,Cloud Infrastructure,Data Scientist,US-West
GFanOvFmTa63cRTABGD43A==,user_0561@northwindtraders.com,Platform Engineering,Data Engineer,EMEA-West
GTV7l+IvR+uwB3D9JL4QxQ==,user_0196@oscorptech.com,DevOps,Senior Data Scientist,US-West
GVcojdvPSdeC0Kk7sn+RMA==,user_0205@soylentgreen.co,Security,Platform Engineer,EMEA-West
GZybSzFTSVqAYBpMAHWRTA==,user_0027@massivetech.com,Machine Learning,Senior Data Scientist,LATAM
Gf8BJZBNTNePIZ+MqS58Hg==,user_0187@umbrellainc.com,Data Engineering,Platform Engineer,APAC-South
GfMoZMLGSkWLrZSqIpfDJQ==,user_0167@fabrikam.io,Machine Learning,Software Engineer,APAC-East
GglZO6iQTsebOSvoM2aIMQ==,user_0522@oscorptech.com,Machine Learning,MLOps Engineer,EMEA-Central
Gi8MGgtYRP2ZoNhq2xDK3g==,user_0218@cyberdynesys.com,Cloud Infrastructure,Solutions Architect,APAC-East
GnPuCVthQ0eYuBNxzz5+Uw==,user_0143@aperturelabs.com,DevOps,Engineering Manager,US-Central
Gp85ebfSQV2jLARL+luFKg==,user_0352@initech.io,Product,Platform Engineer,EMEA-North
Guftc+EDQ5Ss2yEznonShw==,user_0076@oscorptech.com,Machine Learning,Staff Data Engineer,US-Central
GyauH9tyQSyFe51cvQdHYA==,user_0545@massivetech.com,Research,Data Analyst,US-East
HG1ycpYgQMC0yui58w8IiQ==,user_0471@soylentgreen.co,IT Operations,Data Analyst,APAC-East
HIbOOrNzRLyyikn7+X/Wbg==,user_0562@initech.io,Data Engineering,Technical Lead,EMEA-North
HWmx/E4YSvG7CIDuJqfhNw==,user_0166@aperturelabs.com,Machine Learning,Solutions Architect,EMEA-Central
He3iOhlsRDK5lSVY0KN7HA==,user_0579@soylentgreen.co,Machine Learning,Cloud Engineer,EMEA-North
Hg8az1MvR4eZW5NPa88Jaw==,user_0275@massivetech.com,Data Science,Engineering Manager,US-East
HhVqF8vxREa7/+Q5UxSuWA==,user_0240@globexcorp.com,Analytics,Data Architect,EMEA-North
HhqjU5keRyWI4kZd8/WFsw==,user_0307@initech.io,Cloud Infrastructure,Senior Data Scientist,US-West
Hie6zhhMT9yXDfsd/bTj1Q==,user_0577@globexcorp.com,Product,Software Engineer,EMEA-West
HjdG0IjkSHuUlvuFzHXJhA==,user_0232@aperturelabs.com,Business Intelligence,Senior Data Analyst,US-East
Hvt27zyMQHWiyFu7aLUOdg==,user_0023@oscorptech.com,Platform Engineering,Technical Lead,US-Central
IQ7DPbgvTl6UfASWJpbpXA==,user_0351@contosoltd.com,Security,Engineering Manager,LATAM
IbJwBbF8QQeXWAEW2IvxrA==,user_0188@widgetworks.com,IT Operations,Cloud Engineer,US-Central
IeHQHw1zSVmyKMaVQNJUIg==,user_0274@wayneenterprises.net,Machine Learning,Engineering Manager,LATAM
IgYDBRToTvqb8hBosO3E2w==,user_0377@soylentgreen.co,DevOps,Engineering Manager,US-Central
J6unqRQiTz2g0TOmk2s8Og==,user_0480@northwindtraders.com,Security,Technical Lead,EMEA-West
JHU0vV32RY2pbIcnN7pY3w==,user_0564@widgetworks.com,Data Engineering,Platform Engineer,APAC-East
JIijH/hvTJ6MPSrHtuHAvQ==,user_0582@globexcorp.com,Business Intelligence,ML Engineer,APAC-East
JdoXL1+FRwigf5mtJOtAog==,user_0481@starkindustries.com,Cloud Infrastructure,Cloud Engineer,US-East
JhwVukYyRgWb6ENxsH9tGA==,user_0494@umbrellainc.com,Product,Solutions Architect,EMEA-North
K+PSUzLWS9u0MGVwxX9RJg==,user_0404@wayneenterprises.net,Research,BI Developer,APAC-South
K/YZuBikR3SIoo0OP4DlNw==,user_0572@lexcorp.io,IT Operations,Solutions Architect,US-Central
K3hShvmHTP22p58RvbnmsQ==,user_0540@aperturelabs.com,Data Science,Engineering Manager,US-West
KDJnCzxJRQCt2HaiD/vG9A==,user_0374@initech.io,Cloud Infrastructure,Data Scientist,LATAM
KJhbuuJuTeO0bqPLmIh5qg==,user_0496@northwindtraders.com,Business Intelligence,Senior Data Analyst,US-Central
KMA8xxdlT8mpLefc4Wx56g==,user_0330@initech.io,Research,Data Architect,EMEA-West
KYx5RcEbRR2aYsiAWxHjIg==,user_0466@initech.io,Business Intelligence,ML Engineer,US-Central
KgjUxKABQ9+oLsO6t3JzJQ==,user_0160@globexcorp.com,Cloud Infrastructure,MLOps Engineer,APAC-East
KooZI/uwQ7278JAQYfjW3w==,user_0045@fabrikam.io,Data Science,Data Analyst,EMEA-West
L+hJs4ZXQrySBZMir0yLrw==,user_0025@lexcorp.io,Research,MLOps Engineer,LATAM
LLZkTDN+ST6Unxuyzhe3hg==,user_0458@aperturelabs.com,DevOps,Engineering Manager,LATAM
LkgDH84dTdWaEj5wPiBykw==,user_0390@lexcorp.io,Platform Engineering,BI Developer,EMEA-West
LlTP5waYRfKhRDZyHurpIg==,user_0320@massivetech.com,DevOps,Technical Lead,US-East
Lms2mbTUTsi3sz25cc3CFA==,user_0171@acmedata.com,Business Intelligence,Analytics Engineer,US-West
M4LN8earTFSMEM7DHsuAFw==,user_0350@initech.io,Product,Data Scientist,EMEA-West
M5JP+bYtSVGtVf0zjS65Ww==,user_0017@oscorptech.com,DevOps,Senior Data Analyst,US-West
M8IuLo5LTUiAzYE8RSKGAw==,user_0220@contosoltd.com,Data Engineering,Analytics Engineer,LATAM
M8TXcy+ETkO5Wwih3v3VFQ==,user_0172@lexcorp.io,Research,Technical Lead,APAC-South
M8ThC6vmTxyjYi3jjGd+WA==,user_0228@soylentgreen.co,Data Engineering,Senior Data Analyst,APAC-East
M9rpm/ZpR5OhV1x0uwYYPA==,user_0008@cyberdynesys.com,Analytics,Analytics Engineer,EMEA-North
MB0Ionv0Q6ugEoHKLLR/GQ==,user_0120@oscorptech.com,Analytics,Data Engineer,US-East
MFRdZ3pdSV2WmZPilx2mnw==,user_0059@fabrikam.io,Business Intelligence,Data Scientist,US-East
MG5kFmPFSTux2hcR/54iVQ==,user_0499@aperturelabs.com,Product,Cloud Engineer,US-Central
MMZJ+9eaTkaXPx2scE4fBg==,user_0094@starkindustries.com,Analytics,Technical Lead,US-East
MfdBvCekRzi8BpERSun7Bg==,user_0337@umbrellainc.com,Cloud Infrastructure,Technical Lead,US-West
MvvNJEiJRy6jnOGeS/teMQ==,user_0512@northwindtraders.com,Cloud Infrastructure,ML Engineer,APAC-South
MwNTSdaiRSWLesJJu+Ba0g==,user_0012@initech.io,Business Intelligence,Platform Engineer,EMEA-North
NAXE5FKjTpKH0UKM3z9YWA==,user_0457@contosoltd.com,Product,Software Engineer,US-Central
NJhQPbeOQLKhX1WgzYxyPQ==,user_0103@starkindustries.com,Security,Senior Data Analyst,US-East
NKyDGQ3RSGWNn4jo6f4qEg==,user_0150@initech.io,IT Operations,Data Engineer,LATAM
NW1zFcVAQQycAd/Icx01dQ==,user_0085@contosoltd.com,Platform Engineering,Senior Data Engineer,US-East
NoywEzduQpq3N08CG59TlA==,user_0199@fabrikam.io,Research,BI Developer,EMEA-Central
Nv78p9tcTh2upZbd9Kxnkg==,user_0477@umbrellainc.com,Cloud Infrastructure,Data Analyst,APAC-South
O2ZGUJdYQlCewIqGhsHpKA==,user_0089@globexcorp.com,Cloud Infrastructure,MLOps Engineer,US-Central
O2f4GoghTqu89VTtEkJTKw==,user_0323@wayneenterprises.net,DevOps,BI Developer,EMEA-West
OCEvXEasTQ+n+5WkFwFw7A==,user_0010@massivetech.com,Cloud Infrastructure,Data Scientist,APAC-South
OCUpcQkERNal+p4VW2v3Qg==,user_0136@initech.io,Product,Technical Lead,EMEA-North
Oa5RZffORM+YfBbqSyk26Q==,user_0131@widgetworks.com,DevOps,Data Analyst,EMEA-Central
OfONqH76RSaBk8p3nQK2Lw==,user_0159@lexcorp.io,Data Science,Platform Engineer,EMEA-West
Oh16qThvQaSt34ZqlyYnUA==,user_0153@acmedata.com,Security,Senior Data Scientist,EMEA-West
OruTzWeHSdOIJ+9cnCZZhw==,user_0388@contosoltd.com,Cloud Infrastructure,Data Analyst,APAC-South
P20DX4QrSXq55RjlVIO9CQ==,user_0500@northwindtraders.com,Security,Platform Engineer,EMEA-North
P5LtygdfS9OiYMTIE+aZLA==,user_0555@starkindustries.com,Cloud Infrastructure,Data Architect,APAC-South
PEMS5SPJQYKUvpk0TM9wig==,user_0355@massivetech.com,Cloud Infrastructure,Senior Data Scientist,EMEA-West
PVRg3KQkSZedvVxEIcvS8w==,user_0587@wayneenterprises.net,IT Operations,Senior Data Engineer,LATAM
PtclRh+NQBm22cCL5gaNwQ==,user_0229@widgetworks.com,IT Operations,Data Analyst,APAC-South
Q9rgd0AVS1uHBaHGY847oA==,user_0439@globexcorp.com,Analytics,Staff Data Engineer,EMEA-West
QCfsQ2cPSUKD7UBT4le53A==,user_0295@lexcorp.io,Cloud Infrastructure,Senior Data Scientist,US-East
QFtMh/IaQSCxMH+HMhLY6g==,user_0591@massivetech.com,Data Science,MLOps Engineer,EMEA-West
QJgS4lUFS3+YBUg/cNfqyA==,user_0387@starkindustries.com,Research,Software Engineer,US-East
QVcm4yd3Qk+xRNmSmreuEg==,user_0061@contosoltd.com,IT Operations,BI Developer,EMEA-West
QYhpWErySwG2Z6Z/EY1jyA==,user_0291@oscorptech.com,Business Intelligence,Senior Data Engineer,US-West
QcLpxtJUR8q5GEC4fCam4g==,user_0216@soylentgreen.co,Security,Data Engineer,LATAM
Qj8xybd5SNOvz/a3S5pKPg==,user_0099@lexcorp.io,Machine Learning,Data Scientist,EMEA-West
QoZ98qBsQ7+bVzZKYgtwXg==,user_0438@starkindustries.com,Data Engineering,Senior Data Scientist,APAC-South
QpOdgntNT7iGlyuiy5jSIw==,user_0486@globexcorp.com,Data Science,Data Scientist,LATAM
QpUErDE6SGKw17alGRvPmQ==,user_0062@northwindtraders.com,Research,ML Engineer,EMEA-North
Quqp1N9tRUOseif9baTypg==,user_0056@umbrellainc.com,Machine Learning,Analytics Engineer,EMEA-West
QzyYIGssSgqzfa2V1NYs2w==,user_0204@wayneenterprises.net,Data Science,Senior Data Engineer,US-Central
RFLOjz9xTpKSzhdQZbXw2w==,user_0241@umbrellainc.com,IT Operations,Data Scientist,LATAM
RFmE9xZ7Qa+v5v5UF5qZsg==,user_0550@wayneenterprises.net,IT Operations,Solutions Architect,APAC-East
RI2fDdLGQdyyx6noivCwZQ==,user_0594@widgetworks.com,Cloud Infrastructure,Cloud Engineer,US-Central
RaVq1HOmSRCxTTlQzb0S0A==,user_0296@cyberdynesys.com,Analytics,Senior Data Scientist,LATAM
RdL/HN/DQ9mBPg+GwdX6+Q==,user_0279@acmedata.com,Security,MLOps Engineer,EMEA-North
RdhHqpOaTECgNkNmcMQ7Yg==,user_0415@acmedata.com,Product,Engineering Manager,US-East
RjPoo/2eSpaImG63JvwiiA==,user_0354@umbrellainc.com,Business Intelligence,Data Architect,EMEA-West
RkofWEXhRhaxXlWuSFQajg==,user_0170@cyberdynesys.com,Cloud Infrastructure,Senior Data Analyst,EMEA-Central
Rn+Adzg7RZimGUSQ0gUsew==,user_0064@soylentgreen.co,Product,MLOps Engineer,APAC-South
RwKNibVhTj+iKt7d42wKQw==,user_0249@umbrellainc.com,DevOps,Data Scientist,APAC-South
S0VMRKKcR46Gw4G07LyS8w==,user_0041@wayneenterprises.net,Analytics,BI Developer,LATAM
S7uBmyQFQcif1iD6y0O5/Q==,user_0300@globexcorp.com,Analytics,Technical Lead,LATAM
SAKl4chkSj++vqXFzax1og==,user_0282@wayneenterprises.net,Data Engineering,Senior Data Engineer,EMEA-Central
SIxrO9dbRq6rA4sKXq9iTg==,user_0549@lexcorp.io,Machine Learning,Senior Data Scientist,APAC-South
SgGa7DlwTNqAjsW9Z2QpIg==,user_0112@wayneenterprises.net,Machine Learning,Technical Lead,APAC-East
SjkfgujpR1KYkGSe3uM+3w==,user_0173@lexcorp.io,Research,BI Developer,APAC-South
SjzhgxXrR2+4QXGWOjVXIw==,user_0556@umbrellainc.com,DevOps,Analytics Engineer,APAC-South
Sk47tMSqSqSecjrhaSmN9Q==,user_0497@globexcorp.com,Analytics,Cloud Engineer,APAC-South
SnjjFaVhQCa42HjIftLi4A==,user_0386@northwindtraders.com,Analytics,ML Engineer,US-Central
SsOSe6H9QNy53VQT0FgJtQ==,user_0270@contosoltd.com,Analytics,Analytics Engineer,US-Central
SxQdeWMYQYC8MRuBveDLAA==,user_0156@starkindustries.com,Security,Data Scientist,US-Central
T309Y3J6RfGJGv9mpurxpg==,user_0127@fabrikam.io,Analytics,Software Engineer,LATAM
TCmWgUrIRTq3of2fivb+Rw==,user_0063@acmedata.com,Product,Senior Data Analyst,US-Central
TEXCZEjzRKOF0B47kMQf0Q==,user_0581@lexcorp.io,Product,Platform Engineer,EMEA-Central
TGk6+BpFQYK5pBkO7xfujw==,user_0248@soylentgreen.co,Machine Learning,Staff Data Engineer,APAC-East
TN5fH8MQTiCBj4CUxzjZ2g==,user_0140@northwindtraders.com,Platform Engineering,MLOps Engineer,LATAM
TfNqkxI+T9+xlOVxQTRkBg==,user_0311@umbrellainc.com,DevOps,MLOps Engineer,EMEA-West
TfnqR+NtTj69o/W/SBJ+9A==,user_0396@soylentgreen.co,Data Science,ML Engineer,EMEA-Central
U3ytoKhwS9O0KVmtE6Sd+g==,user_0380@contosoltd.com,Business Intelligence,Solutions Architect,US-East
U5N+p7HFRAGITIUo6crejw==,user_0284@wayneenterprises.net,Product,Software Engineer,EMEA-North
UDa+x4PxS367NcfIafOYUQ==,user_0203@lexcorp.io,DevOps,Senior Data Scientist,EMEA-Central
UEcakLEES9qllpsdDmnduw==,user_0011@fabrikam.io,Business Intelligence,Engineering Manager,APAC-East
UIlF1ZgfSZ2ykvlPwPcFQQ==,user_0237@lexcorp.io,IT Operations,Engineering Manager,EMEA-Central
UJVzKGI3S6m0IzLS592I4g==,user_0426@massivetech.com,Data Engineering,Cloud Engineer,EMEA-Central
UPJgUTcVTAiAwipl3jspIg==,user_0178@massivetech.com,Research,Software Engineer,EMEA-Central
UWiG5X40RjSeL3zf9L8+wg==,user_0333@initech.io,Research,Senior Data Scientist,EMEA-Central
UZQuvkkFRQaxEtyo89QFfQ==,user_0175@lexcorp.io,Product,Data Analyst,EMEA-Central
UaJzIM54TjuQjQCqL8Bd8A==,user_0195@contosoltd.com,Platform Engineering,Senior Data Engineer,US-West
UmKHNloQR3GoscPzEVzeNQ==,user_0182@cyberdynesys.com,Research,Data Architect,EMEA-Central
Uo5ELobRQAqLnsnpbaz8vQ==,user_0265@widgetworks.com,Platform Engineering,Data Analyst,EMEA-North
Uq08IkvERrSIi2oDQuQaNQ==,user_0409@contosoltd.com,DevOps,Software Engineer,US-West
Ux6tf1DITUm9bAjcRdcerQ==,user_0527@wayneenterprises.net,Data Engineering,MLOps Engineer,US-Central
VCgqTEkQQc6QI4a1axgkfA==,user_0060@acmedata.com,Data Science,Data Analyst,US-Central
VL+cSgLJTl+19mcVriFUBg==,user_0006@contosoltd.com,Machine Learning,Software Engineer,EMEA-Central
VLIUV8UJR7WAqpDb4NCasQ==,user_0080@soylentgreen.co,DevOps,Data Scientist,US-Central
VUq8lPByRQSGy2Upfuk/hw==,user_0525@lexcorp.io,Data Engineering,Data Scientist,APAC-East
VbEBqsgOTH23X3QTjNBEtw==,user_0116@fabrikam.io,IT Operations,Analytics Engineer,LATAM
VbylaMxXRhCt2OzdX9kU2w==,user_0092@lexcorp.io,DevOps,Data Scientist,EMEA-North
WEqXAiohQhidd77P4m+dFA==,user_0147@globexcorp.com,Platform Engineering,Engineering Manager,EMEA-North
WVepO70URS2b3fr/lIB5TA==,user_0472@soylentgreen.co,IT Operations,Staff Data Engineer,US-East
WaCCcxmKTn2ln1jYfacRlQ==,user_0465@cyberdynesys.com,Analytics,Platform Engineer,LATAM
WgLHw3i5Tq+mykU2JvS0fg==,user_0503@contosoltd.com,Security,Platform Engineer,APAC-South
WnP6UX3nTF+BqtjXsG6hWw==,user_0238@contosoltd.com,Data Engineering,Cloud Engineer,APAC-South
Won8UD/wSNOoDOp9VQUCnw==,user_0406@oscorptech.com,Analytics,MLOps Engineer,LATAM
WvLMOlA+QPGM7iQUr6X+YA==,user_0149@northwindtraders.com,Platform Engineering,Technical Lead,EMEA-Central
Wya6Y7JpS9OpeqZcbAjOhg==,user_0592@globexcorp.com,Platform Engineering,Engineering Manager,US-East
X2BffJAPTy6jUduDL/svvg==,user_0434@fabrikam.io,Security,Senior Data Analyst,APAC-South
XERldqFYQCmK6OH6J4EvUw==,user_0299@aperturelabs.com,Data Engineering,ML Engineer,EMEA-Central
XIk214qQSBK1dkaC/C37VQ==,user_0303@fabrikam.io,Business Intelligence,Data Analyst,US-East
XYLL/pa2QLyjUzJK7vVFxA==,user_0469@oscorptech.com,Security,Technical Lead,US-East
XkIO3qC8T9yHIMlrUgm8Iw==,user_0593@initech.io,Analytics,Software Engineer,EMEA-West
Y04RpGYCRRmtkXvFQuOUKg==,user_0179@soylentgreen.co,Platform Engineering,Data Analyst,US-West
YAvpMZ8dQlebITLw9BDXRg==,user_0250@starkindustries.com,Research,Platform Engineer,US-East
YD1n1M2HTQ2Mgb62vLeqMA==,user_0504@widgetworks.com,Platform Engineering,Technical Lead,EMEA-North
YGGE5io+Rae5Ryg7E3a2hA==,user_0269@wayneenterprises.net,Data Science,Platform Engineer,EMEA-North
YI/7IKY+RR2PRh/+D0eybg==,user_0410@umbrellainc.com,IT Operations,MLOps Engineer,US-East
YOQszZV/TqqMBj86cbiaxw==,user_0084@widgetworks.com,Platform Engineering,Senior Data Engineer,US-West
YOqeGYJESa+tqH7ghfWFIw==,user_0381@massivetech.com,Platform Engineering,ML Engineer,EMEA-West
YVB7YDZVSb6OEgs77+x8lA==,user_0437@globexcorp.com,Data Science,Engineering Manager,EMEA-North
YmAahAqKS467L+9Hgh5/UQ==,user_0125@starkindustries.com,Research,Data Architect,APAC-South
Z2QaNLO5So+7iSP+xF+21w==,user_0444@lexcorp.io,Data Science,Data Engineer,US-Central
Z5V0dMDcQ320nYrkTWsNlg==,user_0217@globexcorp.com,IT Operations,Staff Data Engineer,EMEA-North
ZkzogasLS2e2DJ00WA6zyQ==,user_0073@cyberdynesys.com,Product,Senior Data Scientist,EMEA-Central
Ztb8iSxAQzWq9N/S19CL1Q==,user_0453@oscorptech.com,Analytics,Data Scientist,APAC-South
ZxV+/lwdRHulcNgxv9671w==,user_0128@aperturelabs.com,IT Operations,Data Architect,APAC-East
a04mPnfuSZqU6FToG9Nvrg==,user_0344@lexcorp.io,Business Intelligence,MLOps Engineer,EMEA-North
a2yTmqaDSCeilGXKqRVouA==,user_0162@acmedata.com,Product,BI Developer,US-West
a8GeTvUtQDeO8IFh5trtKg==,user_0273@aperturelabs.com,Data Science,Software Engineer,US-West
aB3i9qEVR5qtvoi6cgxB5Q==,user_0022@cyberdynesys.com,Data Science,Data Engineer,EMEA-North
aNc11NrfRvy4yTPC8HYnVw==,user_0518@soylentgreen.co,Data Science,MLOps Engineer,APAC-East
aTr24fUiQNWwigzW/kSHtg==,user_0297@cyberdynesys.com,Security,Data Scientist,US-East
aeyRCOhxT9GSr+9GELshfw==,user_0470@widgetworks.com,DevOps,MLOps Engineer,EMEA-Central
aguWCA6fTyi+f3XjyGvnmQ==,user_0312@contosoltd.com,IT Operations,Data Architect,US-West
bPsSgJTkQZCQ6kbfQZFRSw==,user_0553@massivetech.com,Data Science,Data Scientist,US-East
bmThrUYVTxSW8ikMvqokbg==,user_0266@lexcorp.io,DevOps,Analytics Engineer,EMEA-Central
bzT5jL0iRuuo3QCE4TDonw==,user_0260@contosoltd.com,Research,Senior Data Analyst,APAC-South
bzYFsrxNQbazf5jSkalmDg==,user_0407@contosoltd.com,IT Operations,Platform Engineer,EMEA-North
c4d3LnK/SG+wsed50rkymw==,user_0186@soylentgreen.co,Research,Senior Data Scientist,APAC-South
c6B0ge2pSIi5g8Ox9rOg9g==,user_0402@umbrellainc.com,Research,Cloud Engineer,US-Central
c8UnZgeZQby31BRwrmMh8g==,user_0301@umbrellainc.com,Research,Staff Data Engineer,APAC-South
cFktQN4rTAaQ2zc9wMVqqA==,user_0382@aperturelabs.com,IT Operations,Analytics Engineer,EMEA-West
cSAMhg7tQrCnbnFIKi5gug==,user_0574@contosoltd.com,Security,Data Engineer,EMEA-West
caKesry2Tx+MZg/PVdKwdA==,user_0353@lexcorp.io,Cloud Infrastructure,ML Engineer,US-West
cbITRJZaRoCoI9wNi4L18A==,user_0288@fabrikam.io,IT Operations,Data Analyst,EMEA-North
cpM1ArPPTA+A4vISDD7Rfg==,user_0532@globexcorp.com,Product,BI Developer,US-Central
dHfhrgisQ8yrr7KZuMhoYA==,user_0130@cyberdynesys.com,Machine Learning,Senior Data Analyst,EMEA-North
dhYtnH+vRoqU136/oft5+A==,user_0341@oscorptech.com,Security,Technical Lead,EMEA-Central
dnqadXcXS8mhW4AAZbeiyg==,user_0246@aperturelabs.com,DevOps,BI Developer,LATAM
dzHs4n2lTiOUz0mcdyt4vw==,user_0597@lexcorp.io,Business Intelligence,Cloud Engineer,US-Central
eC4IhfZVSi++bJUHl7xiFw==,user_0165@widgetworks.com,IT Operations,Technical Lead,EMEA-Central
eF5qfweURkGs2sLhFszghw==,user_0450@aperturelabs.com,DevOps,Solutions Architect,US-West
eVpZJAFGTUy31WKz15vvow==,user_0042@starkindustries.com,Platform Engineering,Senior Data Analyst,APAC-East
efrj7WwmQvq2ja09lVgh8w==,user_0392@soylentgreen.co,Product,Data Architect,LATAM
ehVm/pK8Q4qbIbdGBPQPGA==,user_0049@initech.io,Data Engineering,Cloud Engineer,US-West
ehXxot1JQDW8157WKA+lzw==,user_0315@cyberdynesys.com,Cloud Infrastructure,Senior Data Scientist,APAC-South
ejhStx4DTJuqmxsa53hCbQ==,user_0030@initech.io,Product,Engineering Manager,APAC-South
f2xrzt3/RdW8BMiQGsFTSg==,user_0414@massivetech.com,Data Science,Data Architect,LATAM
fDR+T8qfRIqqyD2F/K5qqA==,user_0418@umbrellainc.com,Security,Cloud Engineer,US-Central
fIRl4O7lQDueixiES+t3pw==,user_0189@globexcorp.com,Platform Engineering,Technical Lead,US-West
fIuXLBmQSs2jxNenJ7AsIA==,user_0044@northwindtraders.com,DevOps,Solutions Architect,APAC-East
fQCxUGtGS9+mDIn2lNe4Qg==,user_0478@umbrellainc.com,Platform Engineering,Software Engineer,EMEA-West
fRbRbByISyyrmLo2qbllrw==,user_0455@fabrikam.io,Business Intelligence,Senior Data Scientist,US-West
ffJrhv3yQN+tF1xz9jyGtA==,user_0145@northwindtraders.com,Security,Data Engineer,LATAM
ffz1TrwDQGmE7PCTl29dGA==,user_0144@fabrikam.io,Analytics,MLOps Engineer,US-East
fgxH6exdQcKXTmhomTKvsg==,user_0464@soylentgreen.co,Data Science,Senior Data Analyst,EMEA-West
fiS++PUARFiE0gTbV/a92Q==,user_0194@northwindtraders.com,IT Operations,Software Engineer,EMEA-Central
fzAw3iECR0OmDlXjgUSTmg==,user_0148@oscorptech.com,IT Operations,Cloud Engineer,EMEA-North
g6uKUMjDRJe0k3PxzqI8Jg==,user_0191@globexcorp.com,Product,Senior Data Scientist,EMEA-North
gBS6VJy6T3KFvGBOG0e0Sg==,user_0009@umbrellainc.com,Data Science,Engineering Manager,US-West
gBj9d4r3QZGHex3dRwP6jA==,user_0104@umbrellainc.com,Security,Technical Lead,EMEA-North
gTk2BCsXSeq1eT+02DsR4w==,user_0534@umbrellainc.com,Cloud Infrastructure,Platform Engineer,APAC-South
gXVT+A4hSRWAhm3q7R1OSw==,user_0331@northwindtraders.com,Product,Software Engineer,EMEA-North
gZjQHrq1TMSqmF57+Q5XQg==,user_0517@widgetworks.com,Cloud Infrastructure,MLOps Engineer,EMEA-Central
ganEiZ9NQxKLE69WCHR3oQ==,user_0347@contosoltd.com,Security,Engineering Manager,APAC-East
gdVyqBWRRSaiqfn+cCIbKQ==,user_0234@wayneenterprises.net,IT Operations,MLOps Engineer,APAC-South
ghrDAU5sQVyL7bZSNb1TQg==,user_0565@starkindustries.com,Analytics,Technical Lead,APAC-South
h+nx3GZzQ6+nq6BdcD0wig==,user_0359@fabrikam.io,DevOps,Cloud Engineer,EMEA-North
h0pyw8oHRkyWrKzUmwnkTg==,user_0281@soylentgreen.co,DevOps,Technical Lead,US-West
hDZBlWT9RV2BC2AtWE2thg==,user_0493@cyberdynesys.com,Security,Data Scientist,US-Central
hDhFAKyITO246noL13x8qw==,user_0403@wayneenterprises.net,Data Engineering,Platform Engineer,APAC-South
hIwdFCCHSOWsqyLxdPiwNA==,user_0422@globexcorp.com,Platform Engineering,Analytics Engineer,US-East
hKnpzdxDTmmD52Lxg7wxFA==,user_0227@fabrikam.io,Data Science,Senior Data Scientist,APAC-South
hSXopt5tQt+foi7EtBCZJQ==,user_0224@umbrellainc.com,Data Engineering,Data Analyst,US-Central
hU6uSlUoTQ2r3gNxuIPGRQ==,user_0420@starkindustries.com,DevOps,Software Engineer,APAC-South
haUjZLYGQaeQKyrC66cAhQ==,user_0209@aperturelabs.com,Security,Senior Data Engineer,US-East
hdDmTsnIRxe1r05Hj9ApdA==,user_0122@contosoltd.com,DevOps,Analytics Engineer,APAC-East
hhsCWrTPQrmDYowXWCGChQ==,user_0405@acmedata.com,Data Science,Senior Data Analyst,EMEA-Central
hiLfe5VeTXOmizr7IPyi4Q==,user_0108@oscorptech.com,Cloud Infrastructure,Technical Lead,US-West
hoRibXRcRViuRYKLG1f/uA==,user_0057@fabrikam.io,Analytics,Technical Lead,US-Central
hp45RpvOTcizRfi6wTZiTg==,user_0447@oscorptech.com,Security,Platform Engineer,APAC-South
hq0lwupoRbGO9Mv86nGqow==,user_0230@wayneenterprises.net,Product,Analytics Engineer,LATAM
i5aB4KYRT3WvtSOe7RcvLA==,user_0183@umbrellainc.com,Machine Learning,Staff Data Engineer,EMEA-West
iBhiDB/lRYWOhd81JRsujw==,user_0001@umbrellainc.com,Data Engineering,Senior Data Analyst,EMEA-West
iIXHK8OvQ76Fy0qGvVu0kQ==,user_0425@globexcorp.com,DevOps,Analytics Engineer,EMEA-Central
iOaXkaO6QdyGy/68hQD3Ug==,user_0319@aperturelabs.com,DevOps,Data Scientist,APAC-East
iUzAbL9mQiaaGAwCncSHuw==,user_0164@contosoltd.com,Analytics,Data Architect,EMEA-Central
iayLedmCQ2evbeN3EaBgvw==,user_0032@cyberdynesys.com,DevOps,Cloud Engineer,US-West
ibPihRhxSw6GH9fK/nB9mQ==,user_0567@initech.io,DevOps,MLOps Engineer,US-Central
ieOkUEt1QiGu/0gGMBOoBA==,user_0242@fabrikam.io,Data Engineering,Senior Data Scientist,APAC-East
ifWIapjbTWyx9ewW1HtUVA==,user_0412@contosoltd.com,Data Engineering,Solutions Architect,EMEA-West
igS6AWqoQziGLxR1uiaRDg==,user_0533@soylentgreen.co,Data Engineering,Data Engineer,EMEA-Central
iqf4Xk60TFa3B+RiXuy4oQ==,user_0334@globexcorp.com,Cloud Infrastructure,Staff Data Engineer,US-West
izUKqADARMy4V9pliRJYOA==,user_0543@lexcorp.io,IT Operations,Senior Data Analyst,EMEA-North
j0nwrZ4ZQCasp0UrAdyN9Q==,user_0202@oscorptech.com,Product,Data Scientist,LATAM
jCG6u5z4QduYpN8+fhM+jw==,user_0287@globexcorp.com,Research,Solutions Architect,EMEA-West
jFfvZ4M+Sra/gz7ic/6jWA==,user_0093@contosoltd.com,Security,Senior Data Scientist,EMEA-West
jSny8Pu0SUSrbPhWTUgs4w==,user_0548@umbrellainc.com,DevOps,Platform Engineer,EMEA-North
jZJC9GjLRHSVrhjaoSlmhw==,user_0058@cyberdynesys.com,IT Operations,Data Analyst,US-West
jhnnAGrHSsGdvuonhODyAQ==,user_0271@massivetech.com,Business Intelligence,Data Architect,EMEA-Central
jj0kS7g4TLW6YoTQwJ2l7A==,user_0383@wayneenterprises.net,Analytics,Staff Data Engineer,EMEA-Central
jpjxgfiQSoaJ9pRluBhogg==,user_0221@massivetech.com,Security,BI Developer,APAC-South
k9Tj1oZ1QZ2RADZRJa9sdw==,user_0448@oscorptech.com,Data Science,Senior Data Scientist,US-West
kPIRvZnHQXOIkzgPQE3PLQ==,user_0559@fabrikam.io,Security,Senior Data Engineer,LATAM
kPxMXmBQRYa/4YSqGpg+0Q==,user_0261@soylentgreen.co,Machine Learning,Engineering Manager,APAC-South
kaD68m/cSDOW7ggWRVohcg==,user_0313@aperturelabs.com,IT Operations,Engineering Manager,APAC-East
kaTxoJURTjaIExPbijBZ4w==,user_0523@cyberdynesys.com,Analytics,Analytics Engineer,US-West
kduJadDXQbS5DSrw6LpO0w==,user_0461@contosoltd.com,DevOps,Engineering Manager,US-West
ke1eAqdDTkKI46vWx54y1w==,user_0569@northwindtraders.com,Research,Senior Data Scientist,EMEA-Central
ktXYDpQJTImgx8a6y3/cjQ==,user_0329@northwindtraders.com,DevOps,Senior Data Scientist,APAC-South
kxh/1RkkR/anHwEYi3eang==,user_0088@acmedata.com,Data Science,Staff Data Engineer,US-Central
lAsF1jw8RtW3EMhZWHBy7Q==,user_0163@contosoltd.com,Cloud Infrastructure,Software Engineer,US-Central
lBjmWOmBSrCpe1+JoBdC9Q==,user_0033@soylentgreen.co,Product,ML Engineer,APAC-South
lC4GdK8vRLCIUl3GzpOJqw==,user_0520@globexcorp.com,Platform Engineering,Staff Data Engineer,EMEA-North
lG+Ytrf5TPGrgY3d8EwRNg==,user_0495@massivetech.com,Analytics,Analytics Engineer,APAC-South
lUrXoG6zT0C4a3kbyjv7Ig==,user_0038@acmedata.com,Data Science,Solutions Architect,EMEA-Central
lZvwx+F4ROmB+XSs1+/jyQ==,user_0413@contosoltd.com,Product,Staff Data Engineer,EMEA-North
lgjQgo6cSeW7rN+swJizvQ==,user_0423@oscorptech.com,Data Engineering,Cloud Engineer,EMEA-Central
llVzHLNRQmeIBWMJFtPgPA==,user_0158@northwindtraders.com,Analytics,Analytics Engineer,EMEA-Central
llXXFRIiRgKaoQkh8nydzQ==,user_0516@oscorptech.com,Research,BI Developer,EMEA-North
m9xeEOeUTvaXul5V1Otj3A==,user_0013@oscorptech.com,Research,Staff Data Engineer,US-East
mHE19h7yRpOvOMFIAT+M3A==,user_0192@initech.io,Machine Learning,Data Scientist,LATAM
mI90L99kTZGn8rURuZRG6Q==,user_0114@acmedata.com,Platform Engineering,Platform Engineer,EMEA-West
mMSipbRlS3OixZ7JZWngPA==,user_0280@lexcorp.io,DevOps,Staff Data Engineer,APAC-South
mOJwopyTQyWROIoeOY9flA==,user_0236@northwindtraders.com,IT Operations,Cloud Engineer,EMEA-West
mQEb2NiHSjaURperxZNehA==,user_0578@oscorptech.com,Data Engineering,Senior Data Scientist,LATAM
mUgCDCNLQ/O1WASzily3Dg==,user_0488@contosoltd.com,Analytics,Senior Data Analyst,EMEA-North
mYILYpuwRqaW4yjHBW3iwQ==,user_0226@contosoltd.com,Data Science,Data Analyst,US-West
mzgdDdoBT/WhF9AwnCTjaw==,user_0487@soylentgreen.co,Business Intelligence,Data Engineer,US-West
mzgvqI9+RIuaexWa1O7ftw==,user_0018@starkindustries.com,Business Intelligence,Data Analyst,US-Central
n+JwZa3jTYScFQQysRaS6A==,user_0535@widgetworks.com,Analytics,Data Architect,APAC-South
n2dywcncQ1aesjbizo+5VQ==,user_0322@umbrellainc.com,Security,Data Architect,EMEA-West
nGfu5UCCRL+W4H+4a+LAHw==,user_0372@massivetech.com,Cloud Infrastructure,Platform Engineer,APAC-East
nHeWUCPgSaOtYpHpa+byOA==,user_0235@massivetech.com,Platform Engineering,MLOps Engineer,EMEA-Central
nMQausOwR26sr1Vl/8v89g==,user_0482@starkindustries.com,IT Operations,Data Architect,APAC-South
ncPrSNGYTGifkZVew18QHA==,user_0154@wayneenterprises.net,IT Operations,Data Scientist,EMEA-West
nhUEPY4qR7GQFwIDFNKtng==,user_0007@acmedata.com,Analytics,Technical Lead,EMEA-North
nvEXvuB5Q+WcbVzh4GuMyg==,user_0369@fabrikam.io,Data Science,Cloud Engineer,US-West
nvXQzZCtSSOerbciiFIfNA==,user_0338@soylentgreen.co,DevOps,BI Developer,LATAM
nw+q0iVYR8SeICdGAwA66A==,user_0016@massivetech.com,Analytics,Solutions Architect,EMEA-North
ny0zzQPzR2GugAz2B7Df1w==,user_0393@contosoltd.com,Analytics,Analytics Engineer,US-Central
o4Iwir6hSemjKmcTHnOOcA==,user_0139@widgetworks.com,Data Engineering,Solutions Architect,EMEA-Central
oBZ/OZryTsSbfhg0q8zlPg==,user_0029@wayneenterprises.net,DevOps,ML Engineer,LATAM
oN3uPHD2TWS5kmqyfyNbSg==,user_0052@widgetworks.com,Product,Analytics Engineer,US-West
oQUfP4UKQQaT6eu8e/RICg==,user_0306@widgetworks.com,Machine Learning,Software Engineer,US-West
oYvm0InSScS3NTgmGZEJ7w==,user_0098@oscorptech.com,IT Operations,Solutions Architect,EMEA-Central
olKqE9pnTveb6uYsiwF7aQ==,user_0474@fabrikam.io,Machine Learning,Cloud Engineer,US-Central
ophTCUDMRj+BvP2bL1+GPA==,user_0294@initech.io,Business Intelligence,Analytics Engineer,EMEA-West
pBpP28tVSlSSleyTDRsYMw==,user_0328@massivetech.com,Data Engineering,ML Engineer,US-Central
pL5oQJgDT7WaNe/tmCVO5A==,user_0074@fabrikam.io,Cloud Infrastructure,Staff Data Engineer,US-East
pYXvx1D0QOCiN12MQqTRoA==,user_0454@acmedata.com,Cloud Infrastructure,MLOps Engineer,EMEA-North
pblkxjD5QbOfVfm7DH/jkA==,user_0599@soylentgreen.co,Platform Engineering,Solutions Architect,LATAM
pmf2MTx4QaiAgHl4zxAxtw==,user_0348@soylentgreen.co,DevOps,Engineering Manager,US-East
poP2SKEyRCqhM1OcJqO4cQ==,user_0065@wayneenterprises.net,Machine Learning,Platform Engineer,EMEA-West
qNEx3WqxQZie0sJuYo/6zw==,user_0427@umbrellainc.com,Cloud Infrastructure,Technical Lead,US-Central
qORt5PnjTpuXPxJX2ZRDVg==,user_0180@oscorptech.com,Data Engineering,Data Scientist,LATAM
qQ4e48YfQrq4015Y830Y+A==,user_0583@widgetworks.com,Cloud Infrastructure,Data Scientist,APAC-East
qadacl8QQUCHWZlFv249Eg==,user_0079@soylentgreen.co,Security,Data Architect,US-East
qsSop5jUQ/CWzaL2b/cREA==,user_0040@initech.io,Research,BI Developer,US-West
r2Ue+fwgTm+e1pgnI1syAw==,user_0072@cyberdynesys.com,Machine Learning,Cloud Engineer,EMEA-West
r7qWSIVLR+2nnwJ+Japrzw==,user_0020@lexcorp.io,DevOps,Cloud Engineer,US-East
rA57WT9CQ4aG1zPHypA9gg==,user_0456@initech.io,Platform Engineering,Engineering Manager,APAC-South
rCiyqkmhTNSj02Qjk1MtiA==,user_0021@lexcorp.io,Data Engineering,Cloud Engineer,APAC-East
rHw6VFpeTkelvQeidOI9sg==,user_0428@fabrikam.io,Product,Cloud Engineer,US-Central
rIpxwhtMSBmRuW05pQ8SAw==,user_0530@globexcorp.com,Research,Data Analyst,US-East
rJS8gehSQ+uj7o2U8lMqzw==,user_0222@globexcorp.com,Machine Learning,Senior Data Analyst,LATAM
rRmFg2LoQQysLMFZIiJZtQ==,user_0362@globexcorp.com,Cloud Infrastructure,Data Architect,US-West
rZpXXVQtQkipBImnfHUAuA==,user_0141@lexcorp.io,DevOps,Data Analyst,US-West
rfzOoTN/QgyU/mYUqbbTKQ==,user_0510@globexcorp.com,Research,Senior Data Scientist,LATAM
rtDRnIjDQK2ItM91Iqtb8Q==,user_0211@globexcorp.com,Analytics,BI Developer,LATAM
rtG/tvQgTB+QEDrc5k7NXA==,user_0433@aperturelabs.com,DevOps,Platform Engineer,EMEA-Central
rvHhYqjPRSyHXr+Uocz8Pw==,user_0370@starkindustries.com,Data Engineering,Data Analyst,APAC-South
rzq9b87uQYGitlzsi/NBSw==,user_0106@northwindtraders.com,Security,Analytics Engineer,EMEA-Central
s5uJdQ4NR+i8lzpYCT2JTg==,user_0364@globexcorp.com,Cloud Infrastructure,Platform Engineer,US-West
sNDVXXc9RKmFxz5Nk/Lxog==,user_0142@contosoltd.com,Product,Senior Data Scientist,APAC-East
sNpF4FK1S86iLCrOuCO0dQ==,user_0055@umbrellainc.com,Data Engineering,Engineering Manager,EMEA-North
sQYRQknGQXeEYzu2TSt7PQ==,user_0101@cyberdynesys.com,Cloud Infrastructure,Data Architect,APAC-East
sR3LgnYMRR6h8sRbQwb+qA==,user_0118@soylentgreen.co,Business Intelligence,Cloud Engineer,US-West
sfC9ai9CSDSIDQBuzFdVIg==,user_0590@oscorptech.com,Cloud Infrastructure,Staff Data Engineer,APAC-South
sg8V5hoSR1OWEIsQuWnspg==,user_0573@cyberdynesys.com,Machine Learning,Data Scientist,US-East
sgjW8vidR16+nkYLHA5sMg==,user_0105@aperturelabs.com,Product,Data Architect,US-West
shAh+sABTpacefBpKyMptw==,user_0152@globexcorp.com,Data Engineering,Data Analyst,EMEA-West
sikgNJOBTUmB5oY91E0q4w==,user_0595@acmedata.com,Machine Learning,Analytics Engineer,US-West
ssdfXHBHSr+f0Lsabie57Q==,user_0542@lexcorp.io,Data Engineering,Senior Data Analyst,APAC-East
t4iFHeOLQfuuA0K4C+AFdg==,user_0501@widgetworks.com,Research,Platform Engineer,APAC-South
t9QNkgQoRi2uOQUyKXTH4g==,user_0181@starkindustries.com,Machine Learning,Analytics Engineer,APAC-South
tAcwaj9cQOq3jRbDNgcjcA==,user_0554@oscorptech.com,Security,MLOps Engineer,US-Central
tD5o5sAiTYu0oei1NAgt/Q==,user_0293@aperturelabs.com,Platform Engineering,Senior Data Scientist,US-Central
tHF8zKyDS5a5r5rKlaSVXw==,user_0589@wayneenterprises.net,Product,ML Engineer,EMEA-Central
tNLPJxUIQfCcz+9ogyno5Q==,user_0367@fabrikam.io,Security,Analytics Engineer,EMEA-North
tO9G/29GQYea4N3LSSsbBA==,user_0485@lexcorp.io,Machine Learning,Solutions Architect,EMEA-West
tbt42yCPTnWXbRXnTQfTAQ==,user_0267@wayneenterprises.net,DevOps,Data Scientist,US-East
tgM9fb4TT8a2+rQ/QLf93Q==,user_0436@massivetech.com,Security,Technical Lead,EMEA-Central
todubLk+RTCQCt2focYp0w==,user_0043@oscorptech.com,Business Intelligence,Analytics Engineer,US-Central
tuKrTGdUS3upEFW1zCbCJw==,user_0026@cyberdynesys.com,Research,Technical Lead,APAC-East
twOKKBNZRgSjOFGyef+OAw==,user_0292@oscorptech.com,DevOps,Data Engineer,US-East
tyT63GOiTlicpnyoOFAp0w==,user_0253@lexcorp.io,Business Intelligence,Technical Lead,US-Central
tzKn+VhmTXuESJzOPz4iDg==,user_0207@cyberdynesys.com,IT Operations,MLOps Engineer,APAC-South
u+7ExvKjS/mM1lqdwRUnpg==,user_0429@widgetworks.com,Research,BI Developer,EMEA-North
uEcRKJqTSiuQFRdnYm37ww==,user_0231@wayneenterprises.net,Data Science,Senior Data Analyst,APAC-East
uIJaLQe1TBifxUrDlPgpJg==,user_0304@soylentgreen.co,IT Operations,Data Engineer,US-East
uPoXRTh3SxeEomfDPN1vhQ==,user_0298@wayneenterprises.net,Data Engineering,Solutions Architect,EMEA-West
uW1n6R7qRQqFbtzVaSJ5Qw==,user_0449@fabrikam.io,Analytics,Software Engineer,US-West
uXwiySnSS8mBY01r9HHpGA==,user_0400@massivetech.com,Machine Learning,Engineering Manager,US-West
uh78/75rSyat1SK+zK10qQ==,user_0570@acmedata.com,Data Engineering,Platform Engineer,APAC-South
uhiYNAjeTy2ZbJ7YWStWtQ==,user_0184@massivetech.com,Analytics,Platform Engineer,US-East
ul2JzuAfTdGU/Bo2LjlNrQ==,user_0551@widgetworks.com,Business Intelligence,Analytics Engineer,EMEA-West
upkDx3QtR8Gktxf1td+TmQ==,user_0538@starkindustries.com,Data Engineering,Cloud Engineer,EMEA-Central
uqR5HI+ETHy43DdmtQ1bTg==,user_0580@lexcorp.io,Platform Engineering,Senior Data Scientist,LATAM
uvv0Rg5iS1WOHx5zPdyDTA==,user_0358@starkindustries.com,DevOps,BI Developer,APAC-South
vG/KNUs9R4qMRfcDNwIpkw==,user_0200@globexcorp.com,Machine Learning,Platform Engineer,EMEA-Central
vR9zzRcJRQqz4HQoj3BQnA==,user_0528@contosoltd.com,DevOps,BI Developer,APAC-South
vWDzRr/kQqaowJiDP39bXQ==,user_0335@fabrikam.io,DevOps,Technical Lead,APAC-South
vtO6Wf9mQUCGwsDgNjoRYQ==,user_0546@umbrellainc.com,IT Operations,Platform Engineer,US-Central
vxBJGOzCSgCni2wzJ583ag==,user_0308@wayneenterprises.net,Platform Engineering,MLOps Engineer,EMEA-North
vxFYH0PaRrWE38DgSusXpg==,user_0537@starkindustries.com,Research,ML Engineer,LATAM
wCIG3ng6SYGFstQqKCd74Q==,user_0259@initech.io,IT Operations,Solutions Architect,EMEA-Central
wIBwxB6rTKe/t7zVuGH63A==,user_0035@starkindustries.com,Business Intelligence,Data Scientist,EMEA-Central
wUijEqgXSHWvt6TSwYVnwQ==,user_0077@massivetech.com,Data Science,Data Analyst,EMEA-North
wbhPjfbnRL+8jD++LdJS1Q==,user_0513@aperturelabs.com,Business Intelligence,Solutions Architect,EMEA-Central
we9i1vgIRjGrTgvJkC0RcQ==,user_0168@aperturelabs.com,Cloud Infrastructure,BI Developer,EMEA-North
wn/qm+gMSMm4fJXS7GFyqA==,user_0050@lexcorp.io,Platform Engineering,BI Developer,EMEA-West
x5a7ABj9Qye8ToZBHMr8xw==,user_0283@widgetworks.com,Data Science,Data Scientist,EMEA-West
xJseCxIvSdayFkUB7MP89Q==,user_0411@lexcorp.io,Research,Senior Data Scientist,EMEA-Central
xQbTfa44QniM43YD/Toyuw==,user_0398@initech.io,Machine Learning,Cloud Engineer,EMEA-North
xX/H3K4nS7ufIqnaCFNVcg==,user_0419@globexcorp.com,Cloud Infrastructure,MLOps Engineer,EMEA-North
xxErjRFrTV+3dxRdA2y9oQ==,user_0484@initech.io,Product,Data Architect,APAC-South
yF+q8ycHQwiqteQodTXrcQ==,user_0479@wayneenterprises.net,Data Science,Software Engineer,EMEA-Central
yHEi1RT/SBSqZCbDLwJYHg==,user_0121@lexcorp.io,IT Operations,Data Scientist,APAC-South
yHhC48xFSQuur2zCgDReog==,user_0378@initech.io,Platform Engineering,Data Analyst,APAC-East
yR2WREzbTX2g0Y3pEpYvgg==,user_0417@massivetech.com,Data Science,Solutions Architect,EMEA-West
yVLntV/MQxKb+quUPjowAw==,user_0185@wayneenterprises.net,Platform Engineering,Senior Data Engineer,US-East
ycCtyVwGQFWgpMfHGPPB1Q==,user_0263@soylentgreen.co,Research,Platform Engineer,US-East
yd48GAbvQRmjCO4y+v4t/A==,user_0262@umbrellainc.com,Data Science,Engineering Manager,EMEA-North
ygsG2FjRS6C79OzbIDKueg==,user_0075@fabrikam.io,Business Intelligence,Data Scientist,US-West
ypT3jEKSRU6ykC26L9xyzQ==,user_0394@cyberdynesys.com,Data Engineering,BI Developer,EMEA-North
ypzM/+ryTYSHY1gGXfOhmA==,user_0539@oscorptech.com,Analytics,Engineering Manager,APAC-East
yqDE3AG0Tg2/bFPYeqIyEA==,user_0566@northwindtraders.com,IT Operations,Engineering Manager,APAC-East
z2tbmpbTT/uxjwFdVr9VBg==,user_0251@globexcorp.com,Cloud Infrastructure,Senior Data Engineer,EMEA-Central
z8xoioLcQ4Sb8VJB3516jQ==,user_0514@widgetworks.com,Machine Learning,Data Analyst,EMEA-Central
zAHCO3hlQnuKomxkBMHMPg==,user_0047@lexcorp.io,Security,Data Engineer,APAC-East
zDPDM9EtTtOO3nTZ2RXHuA==,user_0197@initech.io,Analytics,Senior Data Scientist,US-Central
zEVSKXxZSQm1mM5aOK5NIw==,user_0014@lexcorp.io,Platform Engineering,Staff Data Engineer,EMEA-West
zMSx92bpRqWrTEED5TZAIg==,user_0031@cyberdynesys.com,Business Intelligence,Data Engineer,US-West
ze8gFlIwQOasa1s6JVi+4w==,user_0416@northwindtraders.com,Cloud Infrastructure,Senior Data Analyst,US-East
zeSA0TlLQJi9hL0xcUPxkA==,user_0213@widgetworks.com,Data Science,BI Developer,EMEA-North
zex9CDxgSJKS7s9FZOYxNA==,user_0309@northwindtraders.com,Security,Data Architect,EMEA-Central
zt29hlO0Q12C3rsCTNnCPA==,user_0135@northwindtraders.com,Analytics,Data Analyst,EMEA-West
